-- Database Backup
-- Generated on: 2025-11-10 13:20:25

SET FOREIGN_KEY_CHECKS=0;

-- Table: attendance
DROP TABLE IF EXISTS `attendance`;
CREATE TABLE `attendance` (
  `id` int NOT NULL AUTO_INCREMENT,
  `student_name` varchar(255) COLLATE utf8mb4_unicode_ci NOT NULL,
  `program_id` int NOT NULL,
  `status` enum('Present','Late','Absent') COLLATE utf8mb4_unicode_ci DEFAULT 'Present',
  `time_in` timestamp NULL DEFAULT CURRENT_TIMESTAMP,
  `date` date NOT NULL,
  `session_id` int DEFAULT NULL,
  `created_at` timestamp NULL DEFAULT CURRENT_TIMESTAMP,
  PRIMARY KEY (`id`),
  KEY `idx_program` (`program_id`),
  KEY `idx_date` (`date`),
  KEY `idx_student` (`student_name`),
  CONSTRAINT `attendance_ibfk_1` FOREIGN KEY (`program_id`) REFERENCES `programs` (`id`) ON DELETE CASCADE
) ENGINE=InnoDB DEFAULT CHARSET=utf8mb4 COLLATE=utf8mb4_unicode_ci;

-- Table: certificates
DROP TABLE IF EXISTS `certificates`;
CREATE TABLE `certificates` (
  `id` int NOT NULL AUTO_INCREMENT,
  `student_email` varchar(255) COLLATE utf8mb4_unicode_ci NOT NULL,
  `student_name` varchar(255) COLLATE utf8mb4_unicode_ci NOT NULL,
  `program_id` int NOT NULL,
  `program_name` varchar(255) COLLATE utf8mb4_unicode_ci NOT NULL,
  `issue_date` date DEFAULT (curdate()),
  `certificate_file` varchar(255) COLLATE utf8mb4_unicode_ci DEFAULT NULL,
  `created_at` timestamp NULL DEFAULT CURRENT_TIMESTAMP,
  PRIMARY KEY (`id`),
  KEY `idx_student` (`student_email`),
  KEY `idx_program` (`program_id`),
  KEY `idx_date` (`issue_date`),
  CONSTRAINT `certificates_ibfk_1` FOREIGN KEY (`program_id`) REFERENCES `programs` (`id`) ON DELETE CASCADE
) ENGINE=InnoDB DEFAULT CHARSET=utf8mb4 COLLATE=utf8mb4_unicode_ci;

-- Table: coordinator_images
DROP TABLE IF EXISTS `coordinator_images`;
CREATE TABLE `coordinator_images` (
  `id` int NOT NULL AUTO_INCREMENT,
  `coordinator_id` int NOT NULL,
  `image_data` mediumblob NOT NULL,
  `image_type` varchar(50) COLLATE utf8mb4_unicode_ci NOT NULL,
  `file_size` int NOT NULL,
  `uploaded_at` timestamp NULL DEFAULT CURRENT_TIMESTAMP,
  PRIMARY KEY (`id`),
  KEY `idx_coordinator_id` (`coordinator_id`),
  CONSTRAINT `coordinator_images_ibfk_1` FOREIGN KEY (`coordinator_id`) REFERENCES `coordinators` (`id`) ON DELETE CASCADE
) ENGINE=InnoDB AUTO_INCREMENT=3 DEFAULT CHARSET=utf8mb4 COLLATE=utf8mb4_unicode_ci;

INSERT INTO `coordinator_images` (`id`, `coordinator_id`, `image_data`, `image_type`, `file_size`, `uploaded_at`) VALUES ('1', '2', '\0JFIF\0\0`\0`\0\0\0>CREATOR: gd-jpeg v1.0 (using IJG JPEG v62), default quality\n\0C\0		\n\r\Z\Z $.\' \",#(7),01444\'9=82<.342\0C			\r\r2!!22222222222222222222222222222222222222222222222222\0\0\0\"\0\0\0\0\0\0\0\0\0\0\0\0	\n\0\0\0\0}\0!1AQa\"q2#BR$3br	\n\Z%&\'()*456789:CDEFGHIJSTUVWXYZcdefghijstuvwxyz\0\0\0\0\0\0\0\0	\n\0\0\0w\0!1AQaq\"2B	#3Rbr\n$4%\Z&\'()*56789:CDEFGHIJSTUVWXYZcdefghijstuvwxyz\0\0\0?\07HZ7@/Ї4y4X.@\0y:z~u E\"EsMqMաl?.?:TU[aIE_÷Jdl}6M^ssUZovjYKoΓ/j8:Q\\Qcؚ\\|󧬍)ua܁ܫfm1\\+u4BfoΣfo7BGN)N=Po|ԙ7ݟӳM~h;oΣ.\0oΞ\"\0}:)\0q\ZMZ@)Yx-ISpjEml©bphכS#;\n\'%b%\"Xu?YNrQPصfL??Yl䳒INM7\'@OO\ZEd4\nH}htV4l1Y4G!Ee$¬7U܊j-*1̣c\0UADE&zcRCpa`X#g_nߕj[0Os	b#*XLQ(N1M8>\Z6V֩ɫcLN4F*r!4RC/iRNE\0i\0YpSZsqYq??1>Ԥԣz\0zUHبb=MJqspҹ4ާe6C7˄횛]u|LU#H֧U2#ǠE1svF|v3y5f\r\"^5%w:l}u;ab~8\0ǵ_\Zj*`ҺmSu\"lQ煂ʡNFB<ҺlpMC5\r<,@zh^yl6y4ͬm5NNg\"3(}[2Ȯ~76{}ĎUWOz<DPTՆpEhd9Fi-=)QHfc\"1V*\"hgh(\"`c$$&n	S7\0/Jןe)s⹆v?Jny㰥#31Q\"\"K3WWy\nG\0Vr˹:N3<;M2CS^Q,pĨv1l&1ӧ+bHVja8о;Y:E?a<RMǭTx-&PIbEVk$IA<c5V$M6&^1l6j#$ 5?캳 _EQmHz;jVѽQ4u`\nxmns\052*i\\\n)Ej%Q$❜vhq@2[X8ڹMPZ;NnX\\QS?Ro4az<䔬κte(s#+&;Ww=֢Qy >nq%zLpyW%V\nк1V\rZGsY[8.J\08&@\"ik|e-:+y,xݷ>\r=5mN?^BigUbYH+5\rTЛR{|+n6kJSicVtP֜ݷgS9^+PKl\0{Ŗ7jJ˙\Zr\Z]畓OҤ ~6w78S9Ěq\"ZʱG\ZH\\E|Nڪ$p>w1s[EOGOkwj4R9O\\S_,u_j)돖hip4g&ձ)FM!3`\n\"T*2bQnz:ԥ6+UBvzɻvLґ\0bgȠEG+Q@\0/Z`$WV9pq@H~ZV\"o)ֽmh^XppWyj,@l9\\z8:s-\Zu#&_]$pGq\Z?xIWY\05;6vSVV2ΜYzԟpQY?zf(ޙ\"l\\M^3>X&%\0[T(U^plO&m=aM1`ßXH)OJS]:&}ysRC._ߞg~ŌcZ9b2$XGZlvz\0q&*}\rKWg#ȄR?Ωk[hpq\0ˁ,/KXY&Uۭe5*D =[SR|kE*	\0)E0K)nG3E14R\0\'p@jHjF\0-9aT֬MWGIY|aV]LiZE&&\\JFyTMq\"dSJ%/D.wvt	FMB\0Vm6E\rD	h?2ph Mg۴i,\'`qlЩ<#Z9y.P>iGVGEU\n{+\'?;/;[KZ-a+:\ndc֯ZHL1=GrMA,3RL*ns@0hN\0l+uLu]vREhz\Zon侺iW]\Zm>fyp[4T6jG\"4Dkݲ*1J-֕Q(h2Z(MJb\n1HEQ#BNj`25R2ކ\0L	\"VJfd9ו0ɮe?&3W>\"7μNY:菩ɪ0ӭ[f15YpdΪK,P)\r:ydncuWe$q\\谞qÑ#ޫ(è,wQ;m	=sYKc\"qgi\0\'Tj飦Q5i_p\\林[4sF@N+z@\'C1wTEp2j۷\\tgZqd;i<Hg?گf\0U@[Mצ\rȨYyRsNp8C1VE\niG4Q84SfM%\ZEHj\nw*%3OJA\014R4!5Z-b 5km#1ZG}\\\0%x|j`*iV]sXφ\'\'iI$\'EyOs܍ѴIRt:t4[jX ,=j+ݨUEwc\\!zLm88J{͇TeN	p4&PS\\	61=XUIaΰa(L	\0fsczlN3J\0<s^GjGUh5c9V\\PHUS\Z\0#hpsEH! )P5]zոXq⏊f(;18⫷Z[x2;fT+ojj-\"MKQ[u1Fs!zkP<<.o+;I$澎m\n	iTU51$CbظX)*70Q=U08iYcM9TfYv*VATMl9#/nzz\ZC8q(1RYa\n\0[	\'\\F}/$\"ڧ5\Z7q:Uc\"Wopȃ1[QE\"jR:׫(uGѯoPS$}jODYيņpjz\Z.E (ʜQVAE+mA-<V+-֙׽kʇcd]QU忸!sT;`SzUiIj<ѓMEzkχ1\0%+D_K.Yc)Cz1st{o1*}\\DQ05+3TEЌJ#Wͪ;hqv0UV+HJhE*gw\n̫[q8SzQkm5\"B}[+ r/\n>>\"ہ\rNT+;8<=YMrmUsɀשsz.RzxЙ\n[<zRucLsKinQ22iGMs})H 4v/2:EEzpMR=izS\0S0kBipSxIN$\\W|/	lR:%{OɄVHf*q**Tڮ#3-5gX>N*AEvuitdXYGZJ^]=)}i䌀pH9՛6[X5Ρ&c1W\rW}5[ZGiw=>(R8*JpNV!\0m\0ʣ)5:,\0-41M^70p8JăHiA֜zQ\0B3@⎂E.2p(i3E3IEP(E\0z?\0^(\Z>1t\nPQEbG+מxƗ\Z*	\0]V?UEiF*Rԙ2=-.GCp$C3;U7Œb\"hI}墊8bc&ݙqo\"/B*\'aE$<^SЬ9y3\0עI	g=4(1sZ(Gj(rh@', 'image/jpeg', '5332', '2025-11-09 07:51:48');
INSERT INTO `coordinator_images` (`id`, `coordinator_id`, `image_data`, `image_type`, `file_size`, `uploaded_at`) VALUES ('2', '3', '\0JFIF\0\0`\0`\0\0\0>CREATOR: gd-jpeg v1.0 (using IJG JPEG v62), default quality\n\0C\0		\n\r\Z\Z $.\' \",#(7),01444\'9=82<.342\0C			\r\r2!!22222222222222222222222222222222222222222222222222\0\0\0\"\0\0\0\0\0\0\0\0\0\0\0\0	\n\0\0\0\0}\0!1AQa\"q2#BR$3br	\n\Z%&\'()*456789:CDEFGHIJSTUVWXYZcdefghijstuvwxyz\0\0\0\0\0\0\0\0	\n\0\0\0w\0!1AQaq\"2B	#3Rbr\n$4%\Z&\'()*56789:CDEFGHIJSTUVWXYZcdefghijstuvwxyz\0\0\0?\0@Rt\nVD;qHW5gIV	Ryub(\Z\0V`\nB1QȼTI1Pu$߈픕V\0x(\Z4:\Z<VV!`=i[9:$R;0?k89W`}[XJH|J+p!F^EkG4rx2⬒aHԁRPM&iTliTJԎ*<PhHe5r1T׊T. 2Uur)i\\\ZmD[4iqUi+Y^q\n(\ZWaj2J>V~OJ\'qR*dB2bEY1\'HW)EX6cSL,T]̇ޭZ_Mfn;j4¥zN	G}G 2\rgp)*q]8xEj̚⢚@f^biA\012*r2 4RC/b)*HNEI4\0(4๣?$MHފO^kשm%/|.BҝkpqLdw88:\ZvGm*Iɬ^7F	m@TEzsZW,H81ٿGs(?JݶsWV7ld#Q+|K[zֻG.#9Y&DAdJD˥z+Z68UÆ>ՙ&Q\'Q2ׇ#}QEJb9:V9P\r*jŚ`\\$Z:\'T\n)׈dT]Cm5D^p3M~Z\0u.\r9\"H[^daֽ#p~~\ri+͟˷]UZZ	ZVzhꍜzӖǣMκݎtjv+X2]]qՃG\\dѶ)3(kBSt*sMAe$fd8g/Uӭ\\W;7,ٿҥCU#m?B3\\߇#c7\n58Lr1kZbkv1krʠ&1\n50|WiGQ4u`D6)\0j91VYA$\n4l$Sx\0EԂP)L; C4(9\ZTܓHɑ@ʭ&+\0ˎ[[9h\0S-y\\jFVZXBdCvR79ASdPXr_2Y\\)JsB\'E(S0*ZeƉ?|4M\ZŔ<M~fcYwc;TM5uV:;	^h\0*geVҶ4)X@ڣC<zT]=w2leq&^g%WI`еɵ\'-Ef9CZIkr|2ym̒ K9`pJʮ=+4sC\Z4%P=*UPrEzJ椖=ADBDy>\\\n[i%0w\Ze#\0@ϑ@ҊW4֘	-Uюzո@8(\'I\rL//_53j7~5kwY3%AAV<=\Z3;/5Aa]݅y\0`\nKwtdb^~ΪjL`\noe[.{88mUT)44W+bk5v8U-mYASD؛\\4msJ+tѤ1MxPό\Z{E9{j`vUȗq*ME}+\"mtr̜=4Qpg=/#7&1x5	ZHxvZ\0S|e*YXbS>MR3LSNኀT*jZs©7YY)iR*7&3ZN(2I]Jbq<c\0z\Z-P8y)W*jm&Oݯyƻ\"_~KF{ttuW	`$]W|P؝>dH#]NJ[Ȓ08i]44%-~nݽ*ޑ7efܨI;~VV{mF :yRt6GjPUtY$(i7b1oe9k{(xQ/BWf:98ꭵ\\)7mMvx皫6{ԏ!XM^[CEY@jUaTbb#\np\\RsS@\rFhҳq@M=M&C3^7+Urz$$u}RW].wcI+$.\Zچ\\ի{8ݰ9im\ZwC[+Aж-dWƞ)U٤6JvoB{ՙz&jQ)s\ZQNiB.Lׯߖ)SYc 9c^bTx\Z`ؤ11Psҥ*dSŌc*93l1ɢxۊd8\0;S.њxZ6iH81g4z\0$Vnfl3ҥ?~Aa\\+dk/:U~VA+ѡIDr\rW9{,soQ^o?sФlWMk{\"eO>*Ha9:hW\rݟdµ-.G0[4v)}gk-v兹}TZXEP2M_uZUuܟGSE)>tѝt7sVס~-% \0\\.^lvn~Kcic4\n@Sh+9Ȧ\"3Q\ZC*ĵ\ri1NE,jqLEȩ|U><+|/Q	>cg*%V+mFhW!T?k6Wf\\\0]]q\n\08]#,9\r\\jVm2n[-ufQ~>4\ZzȆGq\n1¬M\"ʖvQsVoE&7\'[oƭ?X2jWG*j9KPF[/jܴ69SŻ)æ試q\"UAP\\ݤq:j.c]-9½m#avh\0z\\S..+C|&=!9Ic` Jւ*[$A4?Jyc%Xd\ZS	pHug^92+Լ;逴ЖzG/\0Z#Z{1Ukr\\<\n]Pez1ߌc?QҼ\0Xo4\"d-?,8?Zj[ј*m ӂT\"E[25ER]F%AU#ín\">w`BWU[ۥyJ[D1уMKha%\nrp:BqNKElwR\\Ŝ\\S/M=9l\n䞥GҨc|q/`8[٧`p+\"=Px,$ްq.@EԚ-ŏ՝v~faة8Sjvg?N hU<\0O41d}kBHf_֦[R0G~:ZZzGJKP@MrZ>⓬MEʹy»A(]j$s:ވڱ3(hK\\/1]<ca=*\rGNKظCW^3օAepA6\'\0jm\'#SJ|٩X4qZF+uRN&Ha2\rh\ZkQYLn4i!\'&!_M*C#_AI1ןxjF+XMȔ{g?\0I;d\Z+BObPc\n\0hy}V?2\nm?ٵY yt_aJx5\0,;՜t@_QrzjSTv	8&.Iѭw̹Ȣ58A\0t	<ZRⳲlH@\\MJ.A9=Ldp7`s\ns#Nz|_,\0*MiUmFn<aUJB.4E=2{ִ0N>=*bmQJMGқl֤u\0<ʸ\r:J &=0CdTrܫa1H\'3R(NHii)\Z<)<\reaqVj!=fkQ)xEzčCC7.g(+6l])x¹ůJH\"+{QdY#V*(d\\L֩!rhj8EYda9f)%mNqM?𢊤qOd}\Z(,\0VhlPigElHF0	?vB{EH\n qɫ<*&U1\rCNAPkXC#=*?', 'image/jpeg', '5153', '2025-11-09 08:07:32');

-- Table: coordinators
DROP TABLE IF EXISTS `coordinators`;
CREATE TABLE `coordinators` (
  `id` int NOT NULL AUTO_INCREMENT,
  `name` varchar(255) COLLATE utf8mb4_unicode_ci NOT NULL,
  `department` varchar(255) COLLATE utf8mb4_unicode_ci NOT NULL,
  `email` varchar(255) COLLATE utf8mb4_unicode_ci DEFAULT NULL,
  `phone` varchar(50) COLLATE utf8mb4_unicode_ci DEFAULT NULL,
  `office_location` varchar(255) COLLATE utf8mb4_unicode_ci DEFAULT NULL,
  `display_order` int NOT NULL DEFAULT '0',
  `created_at` timestamp NULL DEFAULT CURRENT_TIMESTAMP,
  `updated_at` timestamp NULL DEFAULT CURRENT_TIMESTAMP ON UPDATE CURRENT_TIMESTAMP,
  PRIMARY KEY (`id`),
  KEY `idx_display_order` (`display_order`)
) ENGINE=InnoDB AUTO_INCREMENT=14 DEFAULT CHARSET=utf8mb4 COLLATE=utf8mb4_unicode_ci;

INSERT INTO `coordinators` (`id`, `name`, `department`, `email`, `phone`, `office_location`, `display_order`, `created_at`, `updated_at`) VALUES ('1', 'Dr. Armi Grace B. Desingaño', 'Campus Administrator', NULL, NULL, NULL, '1', '2025-11-08 10:11:48', '2025-11-08 10:46:06');
INSERT INTO `coordinators` (`id`, `name`, `department`, `email`, `phone`, `office_location`, `display_order`, `created_at`, `updated_at`) VALUES ('2', 'Carlo P. Malabanan, MIT', 'Extension Services Campus Coordinator', NULL, NULL, NULL, '2', '2025-11-08 10:11:48', '2025-11-08 10:47:56');
INSERT INTO `coordinators` (`id`, `name`, `department`, `email`, `phone`, `office_location`, `display_order`, `created_at`, `updated_at`) VALUES ('3', 'Elarcie Balmoso', 'Department of Biology and Physical Science', NULL, NULL, NULL, '3', '2025-11-08 10:11:48', '2025-11-08 10:53:38');
INSERT INTO `coordinators` (`id`, `name`, `department`, `email`, `phone`, `office_location`, `display_order`, `created_at`, `updated_at`) VALUES ('4', 'Jenny Danica P. Abayari', 'Department of Physical Education', NULL, NULL, NULL, '4', '2025-11-08 10:11:48', '2025-11-08 10:47:57');
INSERT INTO `coordinators` (`id`, `name`, `department`, `email`, `phone`, `office_location`, `display_order`, `created_at`, `updated_at`) VALUES ('5', 'Rhoel Joseph R. Sarino, MIT', 'Department of Computer Science', NULL, NULL, NULL, '5', '2025-11-08 10:11:48', '2025-11-08 10:53:38');
INSERT INTO `coordinators` (`id`, `name`, `department`, `email`, `phone`, `office_location`, `display_order`, `created_at`, `updated_at`) VALUES ('6', 'Elvira P. Pakingan', 'Department of Entrepreneurship', NULL, NULL, NULL, '6', '2025-11-08 10:11:48', '2025-11-08 10:53:38');
INSERT INTO `coordinators` (`id`, `name`, `department`, `email`, `phone`, `office_location`, `display_order`, `created_at`, `updated_at`) VALUES ('7', 'Jose Rainer G. Penales', 'Department of Social Sciences and Humanities', NULL, NULL, NULL, '11', '2025-11-08 10:11:48', '2025-11-08 10:55:51');
INSERT INTO `coordinators` (`id`, `name`, `department`, `email`, `phone`, `office_location`, `display_order`, `created_at`, `updated_at`) VALUES ('8', 'Anabella C. Gomez', 'Teacher Education Department', NULL, NULL, NULL, '12', '2025-11-08 10:11:48', '2025-11-08 10:55:51');
INSERT INTO `coordinators` (`id`, `name`, `department`, `email`, `phone`, `office_location`, `display_order`, `created_at`, `updated_at`) VALUES ('9', 'Rhoniel A. Dagcasin', 'Department of Hospitality Management', NULL, NULL, NULL, '7', '2025-11-08 10:11:48', '2025-11-08 10:53:38');
INSERT INTO `coordinators` (`id`, `name`, `department`, `email`, `phone`, `office_location`, `display_order`, `created_at`, `updated_at`) VALUES ('10', 'Abigail C. Gomez', 'Department of Languages Mass Communication', NULL, NULL, NULL, '8', '2025-11-08 10:11:48', '2025-11-08 10:53:38');
INSERT INTO `coordinators` (`id`, `name`, `department`, `email`, `phone`, `office_location`, `display_order`, `created_at`, `updated_at`) VALUES ('11', 'Dr. Rosario B. Gumban', 'Department of Management', NULL, NULL, NULL, '9', '2025-11-08 10:54:09', '2025-11-08 10:55:51');
INSERT INTO `coordinators` (`id`, `name`, `department`, `email`, `phone`, `office_location`, `display_order`, `created_at`, `updated_at`) VALUES ('12', 'Lexver G. Ocampo', 'Department of Office Administration', NULL, NULL, NULL, '10', '2025-11-08 10:54:56', '2025-11-08 10:55:51');
INSERT INTO `coordinators` (`id`, `name`, `department`, `email`, `phone`, `office_location`, `display_order`, `created_at`, `updated_at`) VALUES ('13', 'Ma. Carlota G. Baguion', 'Teacher Education Department', NULL, NULL, NULL, '13', '2025-11-08 10:56:16', '2025-11-08 10:56:16');

-- Table: departments
DROP TABLE IF EXISTS `departments`;
CREATE TABLE `departments` (
  `department_id` int NOT NULL AUTO_INCREMENT,
  `department_name` varchar(255) COLLATE utf8mb4_general_ci NOT NULL,
  PRIMARY KEY (`department_id`)
) ENGINE=InnoDB AUTO_INCREMENT=10 DEFAULT CHARSET=utf8mb4 COLLATE=utf8mb4_general_ci;

INSERT INTO `departments` (`department_id`, `department_name`) VALUES ('1', 'Department of Biological and Physical Sciences');
INSERT INTO `departments` (`department_id`, `department_name`) VALUES ('2', 'Department of Computer Studies');
INSERT INTO `departments` (`department_id`, `department_name`) VALUES ('3', 'Department of Hospitality Management');
INSERT INTO `departments` (`department_id`, `department_name`) VALUES ('4', 'Department of Languages and Mass Communication');
INSERT INTO `departments` (`department_id`, `department_name`) VALUES ('5', 'Department of Management');
INSERT INTO `departments` (`department_id`, `department_name`) VALUES ('6', 'Department of Physical Education');
INSERT INTO `departments` (`department_id`, `department_name`) VALUES ('7', 'Department of Social Sciences and Humanities');
INSERT INTO `departments` (`department_id`, `department_name`) VALUES ('8', 'Teacher Education Department');
INSERT INTO `departments` (`department_id`, `department_name`) VALUES ('9', 'Department of Language and Mass Communication');

-- Table: detailed_evaluations
DROP TABLE IF EXISTS `detailed_evaluations`;
CREATE TABLE `detailed_evaluations` (
  `id` int NOT NULL AUTO_INCREMENT,
  `evaluation_id` int DEFAULT NULL,
  `eval_date` datetime DEFAULT CURRENT_TIMESTAMP,
  `reviewed` tinyint(1) DEFAULT '0' COMMENT 'Whether evaluation has been reviewed by admin',
  `admin_suggestion` text COLLATE utf8mb4_general_ci COMMENT 'Admin suggestion for improvement',
  `admin_suggestion_date` datetime DEFAULT NULL COMMENT 'Date when admin suggestion was added',
  PRIMARY KEY (`id`),
  KEY `idx_reviewed` (`reviewed`),
  KEY `idx_eval_date` (`eval_date`)
) ENGINE=InnoDB DEFAULT CHARSET=utf8mb4 COLLATE=utf8mb4_general_ci;

-- Table: document_uploads
DROP TABLE IF EXISTS `document_uploads`;
CREATE TABLE `document_uploads` (
  `id` int NOT NULL AUTO_INCREMENT,
  `program_id` int NOT NULL,
  `faculty_id` int NOT NULL,
  `document_type` varchar(100) COLLATE utf8mb4_unicode_ci DEFAULT NULL,
  `file_path` varchar(255) COLLATE utf8mb4_unicode_ci DEFAULT NULL,
  `original_filename` varchar(255) COLLATE utf8mb4_unicode_ci NOT NULL,
  `file_blob` longblob,
  `upload_date` date DEFAULT (curdate()),
  `status` enum('pending','approved','rejected') COLLATE utf8mb4_unicode_ci DEFAULT 'pending',
  `uploaded_by` int DEFAULT NULL,
  `created_at` timestamp NULL DEFAULT CURRENT_TIMESTAMP,
  PRIMARY KEY (`id`),
  KEY `idx_program` (`program_id`),
  KEY `idx_faculty` (`faculty_id`),
  KEY `idx_status` (`status`),
  CONSTRAINT `document_uploads_ibfk_1` FOREIGN KEY (`program_id`) REFERENCES `programs` (`id`) ON DELETE CASCADE,
  CONSTRAINT `document_uploads_ibfk_2` FOREIGN KEY (`faculty_id`) REFERENCES `faculty` (`id`) ON DELETE CASCADE
) ENGINE=InnoDB DEFAULT CHARSET=utf8mb4 COLLATE=utf8mb4_unicode_ci;

-- Table: enrollments
DROP TABLE IF EXISTS `enrollments`;
CREATE TABLE `enrollments` (
  `id` int NOT NULL AUTO_INCREMENT,
  `user_id` int NOT NULL,
  `program_id` int NOT NULL,
  `status` enum('pending','approved','rejected') COLLATE utf8mb4_unicode_ci DEFAULT 'pending',
  `reason` text COLLATE utf8mb4_unicode_ci,
  `enrollment_date` timestamp NULL DEFAULT CURRENT_TIMESTAMP,
  `created_at` timestamp NULL DEFAULT CURRENT_TIMESTAMP,
  `updated_at` timestamp NULL DEFAULT CURRENT_TIMESTAMP ON UPDATE CURRENT_TIMESTAMP,
  PRIMARY KEY (`id`),
  UNIQUE KEY `unique_enrollment` (`user_id`,`program_id`),
  KEY `idx_user` (`user_id`),
  KEY `idx_program` (`program_id`),
  KEY `idx_status` (`status`),
  CONSTRAINT `enrollments_ibfk_1` FOREIGN KEY (`user_id`) REFERENCES `users` (`id`) ON DELETE CASCADE,
  CONSTRAINT `enrollments_ibfk_2` FOREIGN KEY (`program_id`) REFERENCES `programs` (`id`) ON DELETE CASCADE
) ENGINE=InnoDB DEFAULT CHARSET=utf8mb4 COLLATE=utf8mb4_unicode_ci;

-- Table: evaluations
DROP TABLE IF EXISTS `evaluations`;
CREATE TABLE `evaluations` (
  `id` int NOT NULL AUTO_INCREMENT,
  `student_name` varchar(255) COLLATE utf8mb4_unicode_ci NOT NULL,
  `program_id` int NOT NULL,
  `score` int NOT NULL,
  `comments` text COLLATE utf8mb4_unicode_ci,
  `eval_date` date DEFAULT (curdate()),
  `created_at` timestamp NULL DEFAULT CURRENT_TIMESTAMP,
  PRIMARY KEY (`id`),
  KEY `idx_program` (`program_id`),
  KEY `idx_date` (`eval_date`),
  CONSTRAINT `evaluations_ibfk_1` FOREIGN KEY (`program_id`) REFERENCES `programs` (`id`) ON DELETE CASCADE,
  CONSTRAINT `evaluations_chk_1` CHECK (((`score` >= 1) and (`score` <= 5)))
) ENGINE=InnoDB DEFAULT CHARSET=utf8mb4 COLLATE=utf8mb4_unicode_ci;

-- Table: faculty
DROP TABLE IF EXISTS `faculty`;
CREATE TABLE `faculty` (
  `id` int NOT NULL AUTO_INCREMENT,
  `user_id` int DEFAULT NULL,
  `department` varchar(100) COLLATE utf8mb4_general_ci DEFAULT NULL,
  `position` varchar(100) COLLATE utf8mb4_general_ci DEFAULT NULL,
  `created_at` timestamp NOT NULL DEFAULT CURRENT_TIMESTAMP,
  PRIMARY KEY (`id`),
  KEY `faculty_ibfk_1` (`user_id`),
  CONSTRAINT `faculty_ibfk_1` FOREIGN KEY (`user_id`) REFERENCES `users` (`id`) ON DELETE CASCADE
) ENGINE=InnoDB AUTO_INCREMENT=5 DEFAULT CHARSET=utf8mb4 COLLATE=utf8mb4_general_ci;

INSERT INTO `faculty` (`id`, `user_id`, `department`, `position`, `created_at`) VALUES ('1', '2', 'Computer Science', 'Professor', '2025-09-18 09:41:35');
INSERT INTO `faculty` (`id`, `user_id`, `department`, `position`, `created_at`) VALUES ('2', '3', 'Engineering', 'Associate Professor', '2025-09-18 09:41:35');
INSERT INTO `faculty` (`id`, `user_id`, `department`, `position`, `created_at`) VALUES ('3', '1', 'Information Technology', 'Admin', '2025-10-25 08:40:24');
INSERT INTO `faculty` (`id`, `user_id`, `department`, `position`, `created_at`) VALUES ('4', '28', 'Teacher Education Department', 'Professor', '2025-11-10 09:48:31');

-- Table: images
DROP TABLE IF EXISTS `images`;
CREATE TABLE `images` (
  `image_id` int NOT NULL AUTO_INCREMENT,
  `program_id` int NOT NULL,
  `image_name` longblob,
  `image_desc` varchar(255) COLLATE utf8mb4_general_ci DEFAULT NULL,
  PRIMARY KEY (`image_id`),
  KEY `fk_program_images_programs` (`program_id`),
  KEY `idx_images_program_id` (`program_id`),
  CONSTRAINT `fk_program_images_programs` FOREIGN KEY (`program_id`) REFERENCES `programs` (`id`)
) ENGINE=InnoDB AUTO_INCREMENT=43 DEFAULT CHARSET=utf8mb4 COLLATE=utf8mb4_general_ci;

-- Table: images_archive
DROP TABLE IF EXISTS `images_archive`;
CREATE TABLE `images_archive` (
  `archive_image_id` int NOT NULL AUTO_INCREMENT,
  `archive_program_id` int NOT NULL,
  `image_data` longblob,
  `image_desc` varchar(255) COLLATE utf8mb4_general_ci DEFAULT NULL,
  `uploaded_at` datetime DEFAULT NULL,
  PRIMARY KEY (`archive_image_id`),
  KEY `idx_archive_program_id` (`archive_program_id`),
  KEY `idx_images_archive_program_id` (`archive_program_id`)
) ENGINE=InnoDB AUTO_INCREMENT=18 DEFAULT CHARSET=utf8mb4 COLLATE=utf8mb4_general_ci;

-- Table: notifications
DROP TABLE IF EXISTS `notifications`;
CREATE TABLE `notifications` (
  `id` int NOT NULL AUTO_INCREMENT,
  `message` text COLLATE utf8mb4_unicode_ci NOT NULL,
  `priority` enum('low','medium','high','urgent') COLLATE utf8mb4_unicode_ci DEFAULT 'medium',
  `audience` enum('all','admin','faculty','student') COLLATE utf8mb4_unicode_ci DEFAULT 'all',
  `is_active` tinyint(1) DEFAULT '1',
  `expires_at` date DEFAULT NULL,
  `created_at` timestamp NULL DEFAULT CURRENT_TIMESTAMP,
  `updated_at` timestamp NULL DEFAULT CURRENT_TIMESTAMP ON UPDATE CURRENT_TIMESTAMP,
  PRIMARY KEY (`id`),
  KEY `idx_active` (`is_active`),
  KEY `idx_audience` (`audience`),
  KEY `idx_priority` (`priority`)
) ENGINE=InnoDB DEFAULT CHARSET=utf8mb4 COLLATE=utf8mb4_unicode_ci;

-- Table: participants
DROP TABLE IF EXISTS `participants`;
CREATE TABLE `participants` (
  `id` int NOT NULL AUTO_INCREMENT,
  `program_id` int DEFAULT NULL,
  `user_id` int DEFAULT NULL,
  `status` enum('pending','accepted','rejected') COLLATE utf8mb4_general_ci DEFAULT 'pending',
  `enrolled_at` timestamp NOT NULL DEFAULT CURRENT_TIMESTAMP,
  PRIMARY KEY (`id`),
  KEY `program_id` (`program_id`),
  KEY `idx_participants_program_id` (`program_id`),
  KEY `idx_participants_user_id` (`user_id`),
  CONSTRAINT `participants_ibfk_1` FOREIGN KEY (`program_id`) REFERENCES `programs` (`id`) ON DELETE CASCADE
) ENGINE=InnoDB AUTO_INCREMENT=4 DEFAULT CHARSET=utf8mb4 COLLATE=utf8mb4_general_ci;

-- Table: program_sessions
DROP TABLE IF EXISTS `program_sessions`;
CREATE TABLE `program_sessions` (
  `id` int NOT NULL AUTO_INCREMENT,
  `program_id` int NOT NULL,
  `session_title` varchar(255) COLLATE utf8mb4_unicode_ci NOT NULL,
  `session_date` date NOT NULL,
  `session_start` time NOT NULL,
  `session_end` time NOT NULL,
  `location` varchar(255) COLLATE utf8mb4_unicode_ci DEFAULT NULL,
  `created_at` timestamp NULL DEFAULT CURRENT_TIMESTAMP,
  `updated_at` timestamp NULL DEFAULT CURRENT_TIMESTAMP ON UPDATE CURRENT_TIMESTAMP,
  PRIMARY KEY (`id`),
  KEY `idx_program` (`program_id`),
  KEY `idx_date` (`session_date`),
  CONSTRAINT `program_sessions_ibfk_1` FOREIGN KEY (`program_id`) REFERENCES `programs` (`id`) ON DELETE CASCADE
) ENGINE=InnoDB DEFAULT CHARSET=utf8mb4 COLLATE=utf8mb4_unicode_ci;

-- Table: programs
DROP TABLE IF EXISTS `programs`;
CREATE TABLE `programs` (
  `id` int NOT NULL AUTO_INCREMENT,
  `program_name` varchar(255) COLLATE utf8mb4_general_ci NOT NULL,
  `project_titles` longtext COLLATE utf8mb4_general_ci,
  `department_id` int NOT NULL,
  `department` varchar(100) COLLATE utf8mb4_general_ci DEFAULT NULL,
  `location` varchar(255) COLLATE utf8mb4_general_ci DEFAULT NULL,
  `start_date` date DEFAULT NULL,
  `end_date` date DEFAULT NULL,
  `status` enum('planning','ongoing','ended','completed','cancelled') COLLATE utf8mb4_general_ci DEFAULT 'planning',
  `max_students` int DEFAULT '0',
  `description` text COLLATE utf8mb4_general_ci,
  `sdg_goals` text COLLATE utf8mb4_general_ci,
  `faculty_id` int DEFAULT NULL,
  `created_at` timestamp NOT NULL DEFAULT CURRENT_TIMESTAMP,
  `updated_at` timestamp NOT NULL DEFAULT CURRENT_TIMESTAMP ON UPDATE CURRENT_TIMESTAMP,
  `is_archived` tinyint(1) NOT NULL DEFAULT '0',
  `archived_at` datetime DEFAULT NULL,
  PRIMARY KEY (`id`),
  KEY `fk_faculty_id_faculty` (`faculty_id`),
  KEY `programs_ibfk_1` (`department_id`),
  KEY `idx_programs_is_archived` (`is_archived`),
  KEY `idx_programs_department_id` (`department_id`),
  KEY `idx_programs_faculty_id` (`faculty_id`),
  KEY `idx_programs_status` (`status`),
  CONSTRAINT `fk_faculty_id_faculty` FOREIGN KEY (`faculty_id`) REFERENCES `users` (`id`) ON DELETE CASCADE ON UPDATE CASCADE,
  CONSTRAINT `programs_ibfk_1` FOREIGN KEY (`department_id`) REFERENCES `departments` (`department_id`) ON DELETE CASCADE ON UPDATE CASCADE
) ENGINE=InnoDB AUTO_INCREMENT=39 DEFAULT CHARSET=utf8mb4 COLLATE=utf8mb4_general_ci;

-- Table: programs_archive
DROP TABLE IF EXISTS `programs_archive`;
CREATE TABLE `programs_archive` (
  `id` int NOT NULL AUTO_INCREMENT,
  `program_name` varchar(255) COLLATE utf8mb4_general_ci NOT NULL,
  `project_titles` longtext COLLATE utf8mb4_general_ci,
  `department_id` int NOT NULL,
  `department` varchar(100) COLLATE utf8mb4_general_ci DEFAULT NULL,
  `location` varchar(255) COLLATE utf8mb4_general_ci DEFAULT NULL,
  `start_date` date DEFAULT NULL,
  `end_date` date DEFAULT NULL,
  `status` enum('planning','ongoing','ended','completed','cancelled') COLLATE utf8mb4_general_ci DEFAULT 'planning',
  `max_students` int DEFAULT '0',
  `description` text COLLATE utf8mb4_general_ci,
  `sdg_goals` text COLLATE utf8mb4_general_ci,
  `faculty_id` int DEFAULT NULL,
  `created_at` timestamp NOT NULL DEFAULT CURRENT_TIMESTAMP,
  `updated_at` timestamp NOT NULL DEFAULT CURRENT_TIMESTAMP ON UPDATE CURRENT_TIMESTAMP,
  `original_program_id` int DEFAULT NULL,
  PRIMARY KEY (`id`),
  KEY `fk_faculty_id_faculty_archive` (`faculty_id`),
  KEY `department_id` (`department_id`),
  KEY `idx_programs_archive_original_id` (`original_program_id`),
  CONSTRAINT `fk_faculty_id_faculty_archive` FOREIGN KEY (`faculty_id`) REFERENCES `users` (`id`) ON DELETE CASCADE ON UPDATE CASCADE,
  CONSTRAINT `programs_archive_ibfk_1` FOREIGN KEY (`department_id`) REFERENCES `departments` (`department_id`) ON DELETE CASCADE ON UPDATE CASCADE
) ENGINE=InnoDB AUTO_INCREMENT=63 DEFAULT CHARSET=utf8mb4 COLLATE=utf8mb4_general_ci;

-- Table: project_objectives
DROP TABLE IF EXISTS `project_objectives`;
CREATE TABLE `project_objectives` (
  `id` int NOT NULL AUTO_INCREMENT,
  `project_id` int NOT NULL,
  `objective_title` varchar(255) COLLATE utf8mb4_unicode_ci NOT NULL,
  `objective_description` text COLLATE utf8mb4_unicode_ci,
  `status` enum('pending','in_progress','completed') COLLATE utf8mb4_unicode_ci DEFAULT 'pending',
  `created_at` timestamp NULL DEFAULT CURRENT_TIMESTAMP,
  `updated_at` timestamp NULL DEFAULT CURRENT_TIMESTAMP ON UPDATE CURRENT_TIMESTAMP,
  PRIMARY KEY (`id`),
  KEY `idx_project` (`project_id`),
  KEY `idx_status` (`status`),
  CONSTRAINT `project_objectives_ibfk_1` FOREIGN KEY (`project_id`) REFERENCES `programs` (`id`) ON DELETE CASCADE
) ENGINE=InnoDB DEFAULT CHARSET=utf8mb4 COLLATE=utf8mb4_unicode_ci;

-- Table: qr_codes
DROP TABLE IF EXISTS `qr_codes`;
CREATE TABLE `qr_codes` (
  `id` int NOT NULL AUTO_INCREMENT,
  `code` varchar(10) COLLATE utf8mb4_unicode_ci NOT NULL,
  `user_id` int NOT NULL,
  `program_id` int NOT NULL,
  `created_at` timestamp NULL DEFAULT CURRENT_TIMESTAMP,
  `expires_at` timestamp NULL DEFAULT NULL,
  PRIMARY KEY (`id`),
  UNIQUE KEY `code` (`code`),
  KEY `idx_code` (`code`),
  KEY `idx_user` (`user_id`),
  KEY `idx_program` (`program_id`),
  CONSTRAINT `qr_codes_ibfk_1` FOREIGN KEY (`user_id`) REFERENCES `users` (`id`) ON DELETE CASCADE,
  CONSTRAINT `qr_codes_ibfk_2` FOREIGN KEY (`program_id`) REFERENCES `programs` (`id`) ON DELETE CASCADE
) ENGINE=InnoDB DEFAULT CHARSET=utf8mb4 COLLATE=utf8mb4_unicode_ci;

-- Table: qr_sessions
DROP TABLE IF EXISTS `qr_sessions`;
CREATE TABLE `qr_sessions` (
  `id` int NOT NULL AUTO_INCREMENT,
  `program_id` int NOT NULL,
  `date` date NOT NULL,
  `token` varchar(255) COLLATE utf8mb4_unicode_ci NOT NULL,
  `start_time` datetime NOT NULL,
  `end_time` datetime NOT NULL,
  `created_at` timestamp NULL DEFAULT CURRENT_TIMESTAMP,
  PRIMARY KEY (`id`),
  UNIQUE KEY `token` (`token`),
  KEY `idx_program` (`program_id`),
  KEY `idx_date` (`date`),
  KEY `idx_token` (`token`),
  CONSTRAINT `qr_sessions_ibfk_1` FOREIGN KEY (`program_id`) REFERENCES `programs` (`id`) ON DELETE CASCADE
) ENGINE=InnoDB DEFAULT CHARSET=utf8mb4 COLLATE=utf8mb4_unicode_ci;

-- Table: session_participants
DROP TABLE IF EXISTS `session_participants`;
CREATE TABLE `session_participants` (
  `id` int NOT NULL AUTO_INCREMENT,
  `session_id` int NOT NULL,
  `user_id` int NOT NULL,
  `status` enum('registered','attended','absent') COLLATE utf8mb4_unicode_ci DEFAULT 'registered',
  `created_at` timestamp NULL DEFAULT CURRENT_TIMESTAMP,
  PRIMARY KEY (`id`),
  UNIQUE KEY `unique_participant` (`session_id`,`user_id`),
  KEY `idx_session` (`session_id`),
  KEY `idx_user` (`user_id`),
  CONSTRAINT `session_participants_ibfk_1` FOREIGN KEY (`session_id`) REFERENCES `program_sessions` (`id`) ON DELETE CASCADE,
  CONSTRAINT `session_participants_ibfk_2` FOREIGN KEY (`user_id`) REFERENCES `users` (`id`) ON DELETE CASCADE
) ENGINE=InnoDB DEFAULT CHARSET=utf8mb4 COLLATE=utf8mb4_unicode_ci;

-- Table: student_profiles
DROP TABLE IF EXISTS `student_profiles`;
CREATE TABLE `student_profiles` (
  `id` int NOT NULL AUTO_INCREMENT,
  `student_id` int NOT NULL,
  `full_name` varchar(255) COLLATE utf8mb4_unicode_ci NOT NULL,
  `course` varchar(255) COLLATE utf8mb4_unicode_ci DEFAULT NULL,
  `contact_email` varchar(255) COLLATE utf8mb4_unicode_ci DEFAULT NULL,
  `contact_phone` varchar(20) COLLATE utf8mb4_unicode_ci DEFAULT NULL,
  `emergency_contact` varchar(255) COLLATE utf8mb4_unicode_ci DEFAULT NULL,
  `created_at` timestamp NULL DEFAULT CURRENT_TIMESTAMP,
  `updated_at` timestamp NULL DEFAULT CURRENT_TIMESTAMP ON UPDATE CURRENT_TIMESTAMP,
  PRIMARY KEY (`id`),
  UNIQUE KEY `student_id` (`student_id`),
  KEY `idx_student` (`student_id`),
  KEY `idx_email` (`contact_email`),
  CONSTRAINT `student_profiles_ibfk_1` FOREIGN KEY (`student_id`) REFERENCES `users` (`id`) ON DELETE CASCADE
) ENGINE=InnoDB DEFAULT CHARSET=utf8mb4 COLLATE=utf8mb4_unicode_ci;

-- Table: students
DROP TABLE IF EXISTS `students`;
CREATE TABLE `students` (
  `id` int NOT NULL AUTO_INCREMENT,
  `user_id` int NOT NULL,
  `student_id` varchar(50) COLLATE utf8mb4_unicode_ci DEFAULT NULL,
  `course` varchar(255) COLLATE utf8mb4_unicode_ci DEFAULT NULL,
  `contact_no` varchar(20) COLLATE utf8mb4_unicode_ci DEFAULT NULL,
  `emergency_contact` varchar(255) COLLATE utf8mb4_unicode_ci DEFAULT NULL,
  `created_at` timestamp NULL DEFAULT CURRENT_TIMESTAMP,
  PRIMARY KEY (`id`),
  UNIQUE KEY `user_id` (`user_id`),
  UNIQUE KEY `student_id` (`student_id`),
  KEY `idx_user` (`user_id`),
  KEY `idx_student_id` (`student_id`),
  CONSTRAINT `students_ibfk_1` FOREIGN KEY (`user_id`) REFERENCES `users` (`id`) ON DELETE CASCADE
) ENGINE=InnoDB AUTO_INCREMENT=2 DEFAULT CHARSET=utf8mb4 COLLATE=utf8mb4_unicode_ci;

INSERT INTO `students` (`id`, `user_id`, `student_id`, `course`, `contact_no`, `emergency_contact`, `created_at`) VALUES ('1', '24', '202210801', 'BSIT', '09566906517', '09566906517', '2025-11-10 09:19:43');

-- Table: users
DROP TABLE IF EXISTS `users`;
CREATE TABLE `users` (
  `id` int NOT NULL AUTO_INCREMENT,
  `firstname` varchar(100) COLLATE utf8mb4_general_ci DEFAULT NULL,
  `lastname` varchar(100) COLLATE utf8mb4_general_ci DEFAULT NULL,
  `email` varchar(255) COLLATE utf8mb4_general_ci DEFAULT NULL,
  `password` varchar(255) COLLATE utf8mb4_general_ci DEFAULT NULL,
  `department_id` int NOT NULL,
  `role` enum('admin','faculty','student') COLLATE utf8mb4_general_ci DEFAULT NULL,
  `created_at` timestamp NOT NULL DEFAULT CURRENT_TIMESTAMP,
  PRIMARY KEY (`id`),
  KEY `department_id` (`department_id`),
  CONSTRAINT `users_ibfk_1` FOREIGN KEY (`department_id`) REFERENCES `departments` (`department_id`) ON DELETE CASCADE
) ENGINE=InnoDB AUTO_INCREMENT=30 DEFAULT CHARSET=utf8mb4 COLLATE=utf8mb4_general_ci;

INSERT INTO `users` (`id`, `firstname`, `lastname`, `email`, `password`, `department_id`, `role`, `created_at`) VALUES ('1', 'vince', 'datu', 'vdatu218@gmail.com', '$2y$10$O.qlqiD7rnrzIjSg11AUWO5M3YOKSDpvkcnk1uxaVDL9N267cJiU2', '2', 'admin', '2025-10-05 12:03:41');
INSERT INTO `users` (`id`, `firstname`, `lastname`, `email`, `password`, `department_id`, `role`, `created_at`) VALUES ('2', 'michi', 'takanashi', 'michi@gmail.com', '$2y$10$yG/NyWYUKqX/POLYOvrA0OoqIkp4vGsdCf6ttYsKmMBS.ZUeWaQg.', '4', 'faculty', '2025-10-05 12:03:41');
INSERT INTO `users` (`id`, `firstname`, `lastname`, `email`, `password`, `department_id`, `role`, `created_at`) VALUES ('3', 'john', 'doe', 'jd@gmail.com', '1234', '5', 'faculty', '2025-10-05 12:03:41');
INSERT INTO `users` (`id`, `firstname`, `lastname`, `email`, `password`, `department_id`, `role`, `created_at`) VALUES ('4', 'sara', 'discaya', 'discayakurakot@gmail.com', '$2y$10$gdLcOWx9MQHZq7QPZe8mvutlXLib1VbceuORPv4BTBDw/wDAVj8mm', '2', 'faculty', '2025-10-06 08:42:03');
INSERT INTO `users` (`id`, `firstname`, `lastname`, `email`, `password`, `department_id`, `role`, `created_at`) VALUES ('5', 'Test', 'User', 'test.user@example.test', '$2y$10$2NyekOfuJbGtM.YKSJoW.usIQWncVCeIE6aY/es4y05f.x5o53hK6', '1', 'student', '2025-10-18 09:49:07');
INSERT INTO `users` (`id`, `firstname`, `lastname`, `email`, `password`, `department_id`, `role`, `created_at`) VALUES ('6', 'Form', 'Test', 'form.test@example.test', '$2y$10$RKeF5lqqY7QClyRP8an9o.7fQr5Vw0AryCErnBiNfwQnpjyuDdr/G', '3', 'student', '2025-10-18 09:49:40');
INSERT INTO `users` (`id`, `firstname`, `lastname`, `email`, `password`, `department_id`, `role`, `created_at`) VALUES ('7', 'Francine', 'Ciasico', 'ruri@gmail.com', '$2y$10$ksXPxYm.q3B71QDj4empgeREbIEC.Z62bxwulg/xR13dcZITyxC92', '6', 'student', '2025-10-18 09:52:33');
INSERT INTO `users` (`id`, `firstname`, `lastname`, `email`, `password`, `department_id`, `role`, `created_at`) VALUES ('8', 'Admin', 'User', 'admin@cvsu.edu.ph', '$2y$10$pybQ6h6N1jPLmXMjb5X8bexEn0/uVbZb812NGQHfJyxWPD3ujEr8O', '1', 'admin', '2025-11-06 09:33:15');
INSERT INTO `users` (`id`, `firstname`, `lastname`, `email`, `password`, `department_id`, `role`, `created_at`) VALUES ('9', 'Juan', 'Dela Cruz', 'juan.delacruz@cvsu.edu.ph', '$2y$10$xY7hkfsWQnHKYUbv42hSn.EPQEQabcaXefF6id6h7/2lQ4wQDCo7O', '2', 'faculty', '2025-11-06 09:33:15');
INSERT INTO `users` (`id`, `firstname`, `lastname`, `email`, `password`, `department_id`, `role`, `created_at`) VALUES ('10', 'Maria', 'Santos', 'maria.santos@cvsu.edu.ph', '$2y$10$ebo8uQvqIJQ/tumnos6hIeUKZkf94IXMYvQDyHUX8GDufaBmyy/9y', '3', 'faculty', '2025-11-06 09:33:15');
INSERT INTO `users` (`id`, `firstname`, `lastname`, `email`, `password`, `department_id`, `role`, `created_at`) VALUES ('11', 'Pedro', 'Reyes', 'pedro.reyes@cvsu.edu.ph', '$2y$10$K0pKQ/ffCKl.mJTK4WhWf.PPynEKYnAFX621TXJ09UfxHEbzCg8nm', '1', 'student', '2025-11-06 09:33:15');
INSERT INTO `users` (`id`, `firstname`, `lastname`, `email`, `password`, `department_id`, `role`, `created_at`) VALUES ('12', 'Dr. Maria', 'Garcia', 'maria.garcia@cvsu.edu.ph', '$2y$10$pz.0NAkgTIWtkXJKyu349u2e.VCHv5DXIw7BWAT5Rcwe/r4Ae7qke', '1', 'faculty', '2025-11-09 12:05:50');
INSERT INTO `users` (`id`, `firstname`, `lastname`, `email`, `password`, `department_id`, `role`, `created_at`) VALUES ('13', 'Prof. Robert', 'Cruz', 'robert.cruz@cvsu.edu.ph', '$2y$10$pz.0NAkgTIWtkXJKyu349u2e.VCHv5DXIw7BWAT5Rcwe/r4Ae7qke', '2', 'faculty', '2025-11-09 12:05:50');
INSERT INTO `users` (`id`, `firstname`, `lastname`, `email`, `password`, `department_id`, `role`, `created_at`) VALUES ('14', 'Chef Ana', 'Lopez', 'ana.lopez@cvsu.edu.ph', '$2y$10$pz.0NAkgTIWtkXJKyu349u2e.VCHv5DXIw7BWAT5Rcwe/r4Ae7qke', '3', 'faculty', '2025-11-09 12:05:51');
INSERT INTO `users` (`id`, `firstname`, `lastname`, `email`, `password`, `department_id`, `role`, `created_at`) VALUES ('15', 'Dr. James', 'Rivera', 'james.rivera@cvsu.edu.ph', '$2y$10$pz.0NAkgTIWtkXJKyu349u2e.VCHv5DXIw7BWAT5Rcwe/r4Ae7qke', '4', 'faculty', '2025-11-09 12:05:51');
INSERT INTO `users` (`id`, `firstname`, `lastname`, `email`, `password`, `department_id`, `role`, `created_at`) VALUES ('16', 'Prof. Catherine', 'Mendoza', 'catherine.mendoza@cvsu.edu.ph', '$2y$10$pz.0NAkgTIWtkXJKyu349u2e.VCHv5DXIw7BWAT5Rcwe/r4Ae7qke', '5', 'faculty', '2025-11-09 12:05:52');
INSERT INTO `users` (`id`, `firstname`, `lastname`, `email`, `password`, `department_id`, `role`, `created_at`) VALUES ('17', 'Coach Mark', 'Torres', 'mark.torres@cvsu.edu.ph', '$2y$10$pz.0NAkgTIWtkXJKyu349u2e.VCHv5DXIw7BWAT5Rcwe/r4Ae7qke', '6', 'faculty', '2025-11-09 12:05:52');
INSERT INTO `users` (`id`, `firstname`, `lastname`, `email`, `password`, `department_id`, `role`, `created_at`) VALUES ('18', 'Dr. Elizabeth', 'Ramos', 'elizabeth.ramos@cvsu.edu.ph', '$2y$10$pz.0NAkgTIWtkXJKyu349u2e.VCHv5DXIw7BWAT5Rcwe/r4Ae7qke', '7', 'faculty', '2025-11-09 12:05:53');
INSERT INTO `users` (`id`, `firstname`, `lastname`, `email`, `password`, `department_id`, `role`, `created_at`) VALUES ('19', 'Prof. Andrew', 'Santiago', 'andrew.santiago@cvsu.edu.ph', '$2y$10$pz.0NAkgTIWtkXJKyu349u2e.VCHv5DXIw7BWAT5Rcwe/r4Ae7qke', '8', 'faculty', '2025-11-09 12:05:53');
INSERT INTO `users` (`id`, `firstname`, `lastname`, `email`, `password`, `department_id`, `role`, `created_at`) VALUES ('22', 'Test', 'User', 'testuser1762765341@example.com', '$2y$12$R/kjmPNsN4WlicuIb6bS/.7Bo.ixUsZj3Wpc.ZWvbmTwbeCjJPKqq', '1', 'student', '2025-11-10 09:02:22');
INSERT INTO `users` (`id`, `firstname`, `lastname`, `email`, `password`, `department_id`, `role`, `created_at`) VALUES ('24', 'Nicole', 'Defensor', 'Nicole@gmail.com', '$2y$10$J8zagjMERlM.ze.6Wzz2De/pP8zGccN1a4uKtJ86CpzF.VJMIwe6a', '1', 'student', '2025-11-10 09:19:09');
INSERT INTO `users` (`id`, `firstname`, `lastname`, `email`, `password`, `department_id`, `role`, `created_at`) VALUES ('25', 'Thea', 'Dela Cruz', 'Thea@gmail.com', '$2y$10$dIkZ2bUGUDchHEz2QDPC/utfwnYYrEW2QD7OUvHd0OwDvccJDyowi', '1', 'faculty', '2025-11-10 09:20:23');
INSERT INTO `users` (`id`, `firstname`, `lastname`, `email`, `password`, `department_id`, `role`, `created_at`) VALUES ('26', 'Dave', 'Waay', 'waay@gmail.com', '$2y$10$3EU1Fb86FSFj7xfwFHy8ZufsokrJ1BBjYvMLV5U08vmeWtKUU586q', '1', 'faculty', '2025-11-10 09:34:02');
INSERT INTO `users` (`id`, `firstname`, `lastname`, `email`, `password`, `department_id`, `role`, `created_at`) VALUES ('27', 'Gerwin', 'Alcober', 'gerwin@gmail.com', '$2y$10$2kWcog2Viy3C11LiYjyPEe1CZ1ABur48g2krYxovkktBt5McjZKvO', '1', 'faculty', '2025-11-10 09:40:40');
INSERT INTO `users` (`id`, `firstname`, `lastname`, `email`, `password`, `department_id`, `role`, `created_at`) VALUES ('28', 'Matt', 'Quiling', 'matt@gmail.com', '$2y$10$yTc0FiKamWsOyCuryXQ2Luvj5afe9/V9jSRR1DkEhnMw4pGVgDD6e', '8', 'faculty', '2025-11-10 09:48:18');

SET FOREIGN_KEY_CHECKS=1;
